Sample,ADC_0,ADC_1,ADC_2,Timestamp,Acceleration
1,750.8771,600.0000,638.5964,7.9982,1153.9593
2,751.7543,599.1304,635.0877,12.6570,1152.1407
3,750.8771,600.0000,634.2105,17.4050,1151.5378
4,752.6315,597.3912,638.5964,22.1417,1153.7487
5,753.5087,597.3912,637.7192,26.9060,1153.8360
6,752.6315,600.8695,634.2105,31.6753,1153.1354
7,750.8771,599.1304,638.5964,36.4305,1153.5074
8,751.7543,599.1304,639.4736,41.1840,1154.5642
9,750.8771,600.0000,638.5964,45.9500,1153.9593
10,752.6315,596.5217,638.5964,50.7024,1153.2987
11,753.5087,600.0000,638.5964,55.5482,1155.6733
12,752.6315,602.6087,638.5964,60.3751,1156.4588
13,751.7543,597.3912,635.9649,65.2224,1151.7214
14,750.8771,596.5217,634.2105,70.0801,1149.7293
15,752.6315,599.1304,638.5964,74.9329,1154.6501
16,751.7543,602.6087,636.8421,79.7906,1154.9197
17,751.7543,604.3478,636.8421,84.6414,1155.8282
18,752.6315,602.6087,635.9649,89.4903,1155.0078
19,751.7543,598.2608,638.5964,94.3322,1153.6274
20,747.3684,600.0000,635.9649,99.1781,1150.2221
21,752.6315,599.1304,635.9649,104.0156,1153.1967
22,750.8771,600.8695,635.9649,108.9553,1152.9580
23,746.4912,593.9130,639.4736,113.9123,1148.4373
24,751.7543,600.8695,637.7192,118.8638,1154.4976
25,750.8771,602.6087,635.9649,123.8181,1153.8653
26,754.3859,600.8695,636.8421,128.7730,1155.7293
27,750.8771,602.6087,638.5964,133.7137,1155.3178
28,753.5087,605.2174,637.7192,138.6554,1157.9073
29,751.7543,600.8695,639.4736,143.5945,1155.4676
30,751.7543,601.7391,635.0877,148.5352,1153.4995
31,754.3859,599.1304,638.5964,153.4716,1155.7945
32,751.7543,597.3912,639.4736,158.4064,1153.6627
33,751.7543,599.1304,640.3508,163.3427,1155.0502
34,752.6315,599.1304,635.0877,168.2716,1152.7132
35,754.3859,598.2608,635.9649,173.2144,1153.8914
36,751.7543,600.8695,634.2105,178.1638,1152.5632
37,751.7543,601.7391,638.5964,183.1132,1155.4350
38,754.3859,601.7391,636.8421,188.0648,1156.1816
39,751.7543,598.2608,634.2105,193.0100,1151.2053
40,753.5087,599.1304,637.7192,197.9500,1154.7375
41,751.7543,601.7391,634.2105,202.8983,1153.0167
42,751.7543,601.7391,636.8421,207.8455,1154.4663
43,752.6315,599.1304,638.5964,212.7988,1154.6501
44,750.8771,600.8695,638.5964,217.7368,1154.4116
45,754.3859,597.3912,636.8421,222.6785,1153.9248
46,751.7543,600.8695,638.5964,227.6182,1154.9824
47,750.8771,597.3912,638.5964,232.5622,1152.6051
48,750.8771,599.1304,635.0877,237.5018,1151.5686
49,751.7543,600.8695,635.9649,242.4350,1153.5295
50,753.5087,597.3912,635.9649,247.3783,1152.8674
51,750.0000,597.3912,634.2105,252.3205,1149.6083
52,753.5087,597.3912,638.5964,257.2380,1154.3211
53,751.7543,600.8695,632.4561,262.1847,1151.5987
54,752.6315,597.3912,637.7192,267.1363,1153.2634
55,750.8771,601.7391,635.9649,272.0840,1153.4113
56,752.6315,601.7391,638.5964,277.0346,1156.0059
57,750.8771,595.6521,635.9649,281.9737,1150.2475
58,751.7543,600.8695,633.3333,286.9275,1152.0806
59,751.7543,603.4782,636.8421,291.8768,1155.3737
60,752.6315,599.1304,639.4736,296.8316,1155.1356
61,754.3859,601.7391,634.2105,301.7810,1154.7342
62,753.5087,597.3912,640.3508,306.7212,1155.2926
63,750.8771,600.8695,638.5964,311.6572,1154.4116
64,750.8771,600.0000,636.8421,316.5994,1152.9893
65,751.7543,600.0000,636.8421,321.5233,1153.5607
66,752.6315,605.2174,636.8421,326.4455,1156.8536
67,751.7543,603.4782,634.2105,331.3868,1153.9252
68,755.2631,600.0000,639.4736,336.3269,1157.3024
69,752.6315,600.0000,639.4736,341.2449,1155.5867
70,750.8771,602.6087,635.0877,346.1753,1153.3820
71,751.7543,598.2608,635.0877,351.1231,1151.6888
72,750.8771,600.8695,635.0877,356.0677,1152.4743
73,753.5087,599.1304,633.3333,361.0129,1152.3210
74,751.7543,601.7391,638.5964,365.9539,1155.4350
75,749.1228,598.2608,636.8421,370.9093,1150.9426
76,753.5087,600.8695,635.9649,375.8587,1154.6735
77,751.7543,600.8695,634.2105,380.8146,1152.5632
78,752.6315,598.2608,636.8421,385.7693,1153.2294
79,752.6315,599.1304,635.0877,390.7074,1152.7132
80,751.7543,602.6087,638.5964,395.6421,1155.8881
81,754.3859,601.7391,638.5964,400.5856,1157.1489
82,752.6315,599.1304,638.5964,405.5258,1154.6501
83,752.6315,601.7391,635.9649,410.4643,1154.5543
84,750.0000,601.7391,638.5964,415.4083,1154.2943
85,750.8771,597.3912,632.4561,420.3300,1149.2143
86,750.8771,605.2174,636.8421,425.2675,1155.7130
87,748.2456,605.2174,638.5964,430.2206,1154.9741
88,752.6315,597.3912,636.8421,435.1708,1152.7785
89,750.8771,599.1304,634.2105,440.1222,1151.0850
90,753.5087,601.7391,634.2105,445.0645,1154.1613
91,752.6315,597.3912,635.0877,450.0108,1151.8103
92,754.3859,600.8695,638.5964,454.9513,1156.6970
93,751.7543,601.7391,634.2105,459.9050,1153.0167
94,752.6315,597.3912,633.3333,464.8528,1150.8439
95,751.7543,599.1304,640.3508,469.8033,1155.0502
96,755.2631,599.1304,640.3508,474.7359,1157.3370
97,752.6315,601.7391,635.9649,479.6717,1154.5543
98,750.8771,600.8695,635.9649,484.6162,1152.9580
99,748.2456,605.2174,636.8421,489.5640,1154.0050
100,752.6315,599.1304,634.2105,494.4965,1152.2302
101,750.8771,598.2608,634.2105,499.5214,1150.6326
102,750.8771,601.7391,638.5964,504.5494,1154.8645
103,751.7543,601.7391,636.8421,509.5830,1154.4663
104,751.7543,600.0000,635.0877,514.6159,1152.5931
105,753.5087,600.8695,638.5964,519.6234,1156.1251
106,751.7543,598.2608,636.8421,524.6520,1152.6572
107,753.5087,600.8695,638.5964,529.6828,1156.1251
108,752.6315,602.6087,634.2105,534.7120,1154.0427
109,752.6315,606.0869,634.2105,539.7379,1155.8627
110,751.7543,606.0869,636.8421,544.7637,1156.7385
111,753.5087,599.1304,638.5964,549.7929,1155.2221
112,751.7543,599.1304,640.3508,554.8198,1155.0502
113,749.1228,599.1304,642.1052,559.8539,1154.3143
114,751.7543,600.8695,635.9649,564.8869,1153.5295
115,748.2456,602.6087,638.5964,569.9338,1153.6092
116,750.8771,600.0000,636.8421,574.9777,1152.9893
117,750.0000,611.3043,634.2105,580.0053,1156.8992
118,751.7543,597.3912,635.0877,585.0208,1151.2373
119,750.0000,597.3912,635.0877,590.0516,1150.0925
120,752.6315,600.0000,639.4736,595.0602,1155.5867
121,754.3859,600.0000,638.5964,600.0789,1156.2454
122,750.8771,601.7391,640.3508,605.0957,1155.8355
123,752.6315,600.0000,633.3333,610.1351,1152.2001
124,751.7543,597.3912,635.0877,615.1534,1151.2373
125,752.6315,605.2174,634.2105,620.1875,1155.4069
126,750.8771,599.1304,639.4736,625.2263,1153.9932
127,750.8771,600.8695,638.5964,630.2674,1154.4116
128,752.6315,600.8695,634.2105,635.3212,1153.1354
129,750.8771,600.0000,635.0877,640.3491,1152.0212
130,753.5087,600.8695,638.5964,645.3511,1156.1251
131,750.8771,600.0000,639.4736,650.3797,1154.4449
132,750.8771,598.2608,637.7192,655.3909,1152.5704
133,753.5087,597.3912,638.5964,660.4223,1154.3211
134,748.2456,597.3912,639.4736,665.4509,1151.3793
135,751.7543,599.1304,635.0877,670.4790,1152.1407
136,752.6315,599.1304,640.3508,675.5012,1155.6214
137,749.1228,599.1304,634.2105,680.5286,1149.9414
138,752.6315,605.2174,635.9649,685.5545,1156.3709
139,751.7543,599.1304,639.4736,690.5858,1154.5642
140,750.8771,602.6087,636.8421,695.6155,1154.3489
141,748.2456,599.1304,638.5964,700.6495,1151.7961
142,752.6315,600.0000,633.3333,705.6776,1152.2001
143,749.1228,599.1304,638.5964,710.6879,1152.3660
144,750.8771,600.8695,633.3333,715.7142,1151.5085
145,755.2631,598.2608,638.5964,720.7484,1155.9169
146,753.5087,600.8695,634.2105,725.7786,1153.7082
147,752.6315,601.7391,638.5964,730.8126,1156.0059
148,753.5087,601.7391,635.9649,735.8493,1155.1263
149,751.7543,600.8695,635.9649,740.8926,1153.5295
150,750.0000,600.0000,633.3333,745.9402,1150.4830
151,752.6315,599.1304,636.8421,750.9439,1153.6807
152,753.5087,598.2608,635.9649,755.9860,1153.3182
153,750.8771,598.2608,635.9649,761.0272,1151.6005
154,749.1228,597.3912,635.9649,766.0644,1150.0054
155,750.8771,596.5217,634.2105,771.0925,1149.7293
156,751.7543,600.8695,637.7192,776.1298,1154.4976
157,750.8771,600.0000,635.0877,781.1741,1152.0212
158,749.1228,599.1304,637.7192,786.1870,1151.8802
159,753.5087,597.3912,637.7192,791.2246,1153.8360
160,751.7543,597.3912,636.8421,796.2659,1152.2060
161,751.7543,599.1304,639.4736,801.3169,1154.5642
162,751.7543,605.2174,635.9649,806.3460,1155.8001
163,752.6315,598.2608,638.5964,811.3800,1154.1992
164,754.3859,599.1304,638.5964,816.4091,1155.7945
165,754.3859,600.0000,636.8421,821.4372,1155.2774
166,752.6315,597.3912,638.5964,826.4484,1153.7487
167,750.8771,597.3912,638.5964,831.4786,1152.6051
168,751.7543,599.1304,635.9649,836.5106,1152.6245
169,750.8771,605.2174,634.2105,841.5403,1154.2650
170,753.5087,594.7825,638.5964,846.5711,1152.9732
171,749.1228,599.1304,633.3333,851.6035,1149.4578
172,752.6315,598.2608,636.8421,856.6288,1153.2294
173,751.7543,600.0000,638.5964,861.6585,1154.5302
174,751.7543,599.1304,635.9649,866.6713,1152.6245
175,751.7543,598.2608,635.9649,871.7016,1152.1727
176,751.7543,601.7391,638.5964,876.7332,1155.4350
177,749.1228,600.0000,634.2105,881.7686,1150.3946
178,751.7543,600.0000,636.8421,886.7782,1153.5607
179,751.7543,600.0000,638.5964,891.7927,1154.5302
180,749.1228,600.0000,632.4561,896.8056,1149.4284
181,751.7543,599.1304,638.5964,901.8153,1154.0786
182,753.5087,603.4782,642.9824,906.8536,1159.9085
183,747.3684,605.2174,635.0877,911.9017,1152.4686
184,750.8771,600.8695,636.8421,916.9423,1153.4421
185,750.8771,600.8695,635.9649,921.9911,1152.9580
186,750.0000,605.2174,638.5964,927.0419,1156.1114
187,751.7543,597.3912,636.8421,932.0586,1152.2060
188,750.0000,601.7391,640.3508,937.0969,1155.2658
189,753.5087,605.2174,642.1052,942.1158,1160.3287
190,751.7543,600.8695,637.7192,947.1526,1154.4976
191,753.5087,597.3912,635.9649,952.1975,1152.8674
192,752.6315,600.8695,638.5964,957.2402,1155.5535
193,752.6315,603.4782,638.5964,962.2960,1156.9122
194,752.6315,596.5217,638.5964,967.3295,1153.2987
195,752.6315,600.0000,638.5964,972.3592,1155.1016
196,753.5087,597.3912,640.3508,977.3685,1155.2926
197,754.3859,601.7391,634.2105,982.3959,1154.7342
198,751.7543,600.8695,635.0877,987.4278,1153.0461
199,751.7543,596.5217,636.8421,992.4542,1151.7554
200,752.6315,600.8695,632.4561,997.4871,1152.1715
201,750.8771,601.7391,638.5964,1002.5195,1154.8645
202,750.8771,600.8695,637.7192,1007.6442,1153.9266
203,751.7543,600.0000,639.4736,1012.7699,1155.0157
204,750.8771,600.8695,635.0877,1017.8659,1152.4743
205,750.8771,603.4782,638.5964,1022.9970,1155.7716
206,750.8771,601.7391,638.5964,1028.1335,1154.8645
207,748.2456,601.7391,638.5964,1033.2674,1153.1552
208,751.7543,595.6521,635.0877,1038.3970,1150.3358
209,752.6315,599.1304,640.3508,1043.5158,1155.6214
210,752.6315,599.1304,638.5964,1048.6346,1154.6501
211,751.7543,599.1304,635.9649,1053.7547,1152.6245
212,751.7543,600.8695,638.5964,1058.8752,1154.9824
213,752.6315,601.7391,635.9649,1064.0139,1154.5543
214,754.3859,598.2608,634.2105,1069.1450,1152.9255
215,752.6315,600.8695,634.2105,1074.2734,1153.1354
216,752.6315,599.1304,636.8421,1079.4036,1153.6807
217,750.8771,601.7391,635.9649,1084.5240,1153.4113
218,750.8771,600.0000,635.9649,1089.6497,1152.5050
219,770.1754,597.3912,635.9649,1094.7541,1163.8289
220,752.6315,597.3912,640.3508,1099.8754,1154.7207
221,750.0000,600.0000,640.3508,1105.0061,1154.3609
222,750.8771,600.0000,633.3333,1110.0911,1151.0550
223,750.8771,599.1304,638.5964,1115.1968,1153.5074
224,750.8771,600.0000,635.9649,1120.3264,1152.5050
225,750.8771,601.7391,636.8421,1125.4304,1153.8952
226,750.0000,602.6087,634.2105,1130.5572,1152.3281
227,754.3859,597.3912,638.5964,1135.6601,1154.8939
228,752.6315,600.0000,638.5964,1140.7816,1155.1016
229,752.6315,600.8695,632.4561,1145.8818,1152.1715
230,751.7543,598.2608,637.7192,1151.0168,1153.1420
231,752.6315,599.1304,638.5964,1156.1431,1154.6501
232,750.8771,602.6087,638.5964,1161.2727,1155.3178
233,750.8771,598.2608,638.5964,1166.4073,1153.0560
234,750.8771,600.0000,638.5964,1171.5249,1153.9593
235,752.6315,600.0000,640.3508,1176.6289,1156.0725
236,751.7543,599.1304,636.8421,1181.7264,1153.1087
237,750.0000,600.0000,635.0877,1186.8457,1151.4497
238,752.6315,597.3912,637.7192,1191.9382,1153.2634
239,753.5087,600.8695,637.7192,1197.0709,1155.6407
240,750.8771,600.8695,633.3333,1202.2037,1151.5085
241,751.7543,600.0000,636.8421,1207.3381,1153.5607
242,753.5087,598.2608,639.4736,1212.4416,1155.2567
243,753.5087,597.3912,638.5964,1217.5614,1154.3211
244,750.8771,598.2608,638.5964,1222.6817,1153.0560
245,750.8771,601.7391,635.0877,1227.7999,1152.9279
246,751.7543,597.3912,637.7192,1232.9338,1152.6911
247,750.8771,600.8695,638.5964,1238.0693,1154.4116
248,752.6315,597.3912,640.3508,1243.2020,1154.7207
249,753.5087,599.1304,648.2456,1248.3305,1160.5839
250,750.8771,600.8695,638.5964,1253.4486,1154.4116
251,750.0000,600.0000,635.9649,1258.5727,1151.9337
252,751.7543,604.3478,636.8421,1263.6589,1155.8282
253,750.8771,598.2608,638.5964,1268.7824,1153.0560
254,750.8771,600.8695,638.5964,1273.9005,1154.4116
255,748.2456,600.8695,636.8421,1279.0371,1151.7307
256,750.8771,600.0000,638.5964,1284.1688,1153.9593
257,749.1228,600.0000,634.2105,1289.2943,1150.3946
258,747.3684,602.6087,639.4736,1294.3923,1153.5264
259,750.0000,602.6087,635.9649,1299.5147,1153.2946
260,751.7543,600.8695,639.4736,1304.6214,1155.4676
261,752.6315,599.1304,640.3508,1309.7471,1155.6214
262,751.7543,600.0000,635.0877,1314.8675,1152.5931
263,753.5087,600.8695,636.8421,1319.9801,1155.1569
264,757.8947,599.1304,632.4561,1325.1156,1154.7131
265,755.2631,597.3912,632.4561,1330.2462,1152.0848
266,757.0175,602.6087,629.8245,1335.3724,1154.5092
267,750.8771,600.8695,634.2105,1340.4895,1151.9912
268,750.8771,597.3912,635.9649,1345.6136,1151.1491
269,749.1228,597.3912,634.2105,1350.7360,1149.0362
270,750.0000,597.3912,637.7192,1355.8493,1151.5477
271,750.0000,600.8695,638.5964,1360.9638,1153.8413
272,746.4912,600.0000,640.3508,1366.0834,1152.0843
273,745.6140,598.2608,639.4736,1371.1895,1150.1230
274,745.6140,599.1304,636.8421,1376.3205,1149.1149
275,750.8771,595.6521,638.5964,1381.4367,1151.7045
276,753.5087,596.5217,640.3508,1386.5625,1154.8432
277,753.5087,599.1304,638.5964,1391.6843,1155.2221
278,755.2631,600.0000,641.2280,1396.8035,1158.2728
279,755.2631,605.2174,635.9649,1401.9038,1158.0854
280,757.8947,602.6087,635.9649,1407.0355,1158.4442
281,755.2631,602.6087,632.4561,1412.1683,1154.7988
282,754.3859,601.7391,640.3508,1417.3138,1158.1180
283,755.2631,599.1304,638.5964,1422.4328,1156.3673
284,752.6315,602.6087,638.5964,1427.5516,1156.4588
285,750.8771,597.3912,637.7192,1432.6752,1152.1192
286,750.0000,600.8695,638.5964,1437.7960,1153.8413
287,753.5087,600.8695,636.8421,1442.9038,1155.1569
288,754.3859,601.7391,635.0877,1448.0388,1155.2163
289,754.3859,599.1304,640.3508,1453.1645,1156.7647
290,746.4912,605.2174,634.2105,1458.3033,1151.4166
291,749.1228,606.0869,644.7368,1463.4237,1159.4016
292,751.7543,602.6087,635.0877,1468.5391,1153.9533
293,755.2631,606.0869,640.3508,1473.6611,1160.9536
294,747.3684,605.2174,649.1228,1478.7781,1160.2620
295,750.8771,605.2174,638.5964,1483.8978,1156.6806
296,747.3684,602.6087,643.8596,1489.0333,1155.9636
297,742.9824,597.3912,639.4736,1494.1661,1147.9659
298,742.9824,602.6087,642.9824,1499.3127,1152.6433
299,750.8771,605.2174,646.4912,1504.4387,1161.0579
300,748.2456,602.6087,649.1228,1509.5568,1159.4693
301,745.6140,601.7391,646.4912,1514.6760,1155.8465
302,748.2456,600.8695,644.7368,1519.8022,1156.1147
303,751.7543,603.4782,645.6140,1524.9361,1160.2319
304,750.8771,602.6087,644.7368,1530.0722,1158.7231
305,757.0175,601.7391,643.8596,1535.2050,1161.7747
306,751.7543,604.3478,635.9649,1540.3345,1155.3450
307,752.6315,601.7391,640.3508,1545.4571,1156.9760
308,745.6140,600.0000,630.7017,1550.5811,1146.1784
309,767.5438,600.0000,625.4385,1555.6835,1157.7120
310,764.9122,606.0869,638.5964,1560.7875,1166.2922
311,755.2631,600.0000,637.7192,1565.9079,1156.3339
312,760.5263,605.2174,639.4736,1571.0233,1163.4495
313,750.8771,605.2174,636.8421,1576.1523,1155.7130
314,744.7368,597.3912,635.0877,1581.2977,1146.6672
315,750.8771,594.7825,638.5964,1586.4152,1151.2551
316,747.3684,593.0434,642.9824,1591.5377,1150.5157
317,750.8771,593.0434,640.3508,1596.6563,1151.3323
318,752.6315,586.9565,645.6140,1601.7734,1152.2976
319,748.2456,585.2174,632.4561,1606.8969,1141.2061
320,746.4912,592.1738,634.2105,1612.0269,1144.6143
321,744.7368,591.3043,636.8421,1617.1516,1144.4831
322,751.7543,597.3912,640.3508,1622.2963,1154.1491
323,751.7543,595.6521,635.0877,1627.4156,1150.3358
324,754.3859,599.1304,641.2280,1632.5369,1157.2506
325,753.5087,601.7391,640.3508,1637.6535,1157.5468
326,754.3859,605.2174,642.1052,1642.7781,1160.8985
327,754.3859,600.8695,639.4736,1647.8995,1157.1815
328,753.5087,600.0000,638.5964,1653.0356,1155.6733
329,754.3859,600.0000,635.0877,1658.1456,1154.3112
330,746.4912,589.5652,631.5789,1663.2529,1141.8092
331,737.7192,589.5652,639.4736,1668.3862,1140.5014
332,740.3508,592.1738,628.9473,1673.5092,1137.7012
333,749.1228,592.1738,626.3157,1678.6308,1141.9835
334,754.3859,593.9130,624.5614,1683.7484,1145.3854
335,753.5087,593.9130,628.9473,1688.8725,1147.2066
336,746.4912,596.5217,634.2105,1694.0084,1146.8697
337,750.8771,596.5217,634.2105,1699.1357,1149.7293
338,752.6315,597.3912,638.5964,1704.2674,1153.7487
339,745.6140,597.3912,632.4561,1709.3997,1145.7824
340,753.5087,598.2608,639.4736,1714.5222,1155.2567
341,757.8947,598.2608,639.4736,1719.6436,1158.1221
342,755.2631,600.8695,644.7368,1724.7661,1160.6689
343,753.5087,598.2608,640.3508,1729.8929,1155.7425
344,752.6315,600.8695,638.5964,1735.0262,1155.5535
345,751.7543,599.1304,638.5964,1740.1579,1154.0786
346,755.2631,597.3912,639.4736,1745.2962,1155.9521
347,759.6491,597.3912,635.9649,1750.4176,1156.8900
348,755.2631,601.7391,640.3508,1755.5427,1158.6896
349,760.5263,597.3912,640.3508,1760.6657,1159.8818
350,755.2631,601.7391,634.2105,1765.7877,1155.3074
351,760.5263,599.1304,633.3333,1770.9096,1156.9219
352,757.8947,597.3912,634.2105,1776.0429,1154.7742
353,751.7543,600.8695,633.3333,1781.1729,1152.0806
354,757.0175,597.3912,635.9649,1786.3153,1155.1636
355,753.5087,605.2174,629.8245,1791.4310,1153.5781
356,761.4035,601.7391,633.3333,1796.5551,1158.8513
357,750.8771,606.0869,637.7192,1801.6799,1156.6519
358,750.8771,597.3912,631.5789,1806.8006,1148.7318
359,750.8771,600.0000,635.9649,1811.9367,1152.5050
360,736.8421,600.0000,635.0877,1817.0554,1142.9228
361,726.3157,595.6521,631.5789,1822.1643,1131.9134
362,736.8421,600.0000,639.4736,1827.3109,1145.3658
363,771.0526,605.2174,642.1052,1832.4146,1171.7974
364,764.9122,603.4782,639.4736,1837.5301,1165.4197
365,758.7719,606.0869,641.2280,1842.6569,1163.7222
366,756.1403,605.2174,640.3508,1847.7769,1161.0709
367,756.1403,599.1304,635.0877,1852.8934,1155.0073
368,760.5263,603.4782,639.4736,1858.0125,1162.5458
369,760.5263,605.2174,634.2105,1863.1427,1160.5650
370,750.8771,600.0000,641.2280,1868.2744,1155.4177
371,747.3684,599.1304,640.3508,1873.3886,1152.2005
372,744.7368,600.8695,644.7368,1878.5052,1153.8469
373,753.5087,600.0000,642.9824,1883.6320,1158.1027
374,750.8771,600.8695,646.4912,1888.7329,1158.7974
375,746.4912,599.1304,646.4912,1893.8608,1155.0572
376,749.1228,600.0000,641.2280,1898.9892,1154.2783
377,753.5087,596.5217,634.2105,1904.1025,1151.4498
378,744.7368,602.6087,649.1228,1909.2315,1157.2081
379,757.0175,599.1304,653.5087,1914.3623,1165.8072
380,763.1578,593.9130,646.4912,1919.4771,1163.2254
381,759.6491,596.5217,652.6315,1924.5989,1165.6899
382,763.1578,598.2608,638.5964,1929.7232,1161.0906
383,722.8070,560.8695,670.1754,1934.8395,1134.0898
384,807.8947,593.9130,649.1228,1939.9746,1194.4819
385,764.9122,595.6521,656.1403,1945.1107,1170.6462
386,776.3157,593.0434,638.5964,1950.2445,1167.1213
387,770.1754,595.6521,647.3684,1955.3691,1169.2124
388,780.7017,602.6087,648.2456,1960.4893,1180.1927
389,772.8070,605.2174,643.8596,1965.6113,1173.9139
390,772.8070,604.3478,640.3508,1970.7375,1171.5444
391,766.6666,603.4782,635.0877,1975.8599,1164.1735
392,764.9122,602.6087,630.7017,1980.9924,1160.1779
393,753.5087,601.7391,634.2105,1986.1287,1154.1613
394,746.4912,602.6087,632.4561,1991.2598,1149.0809
395,746.4912,605.2174,631.5789,1996.3916,1149.9692
396,751.7543,605.2174,631.5789,2001.5162,1153.3927
397,754.3859,602.6087,633.3333,2006.6391,1154.7062
398,750.8771,605.2174,634.2105,2011.7628,1154.2650
399,746.4912,608.6956,634.2105,2016.8852,1153.2486
400,751.7543,602.6087,639.4736,2022.0174,1156.3730
401,761.4035,604.3478,636.8421,2027.1497,1162.1270
402,763.1578,606.0869,641.2280,2032.2918,1166.5867
403,764.9122,604.3478,643.8596,2037.4067,1168.2817
404,771.0526,606.0869,647.3684,2042.5308,1175.1380
405,765.7894,604.3478,652.6315,2047.6430,1173.7111
406,774.5614,608.6956,650.0000,2052.7683,1180.2354
407,771.0526,603.4782,649.1228,2057.8708,1174.7631
408,781.5789,597.3912,653.5087,2063.0014,1181.0231
409,778.0701,605.2174,648.2456,2068.1210,1179.7896
410,783.3333,599.1304,651.7543,2073.2475,1182.0965
411,777.1929,596.5217,657.8947,2078.3754,1180.1240
412,771.0526,595.6521,664.0350,2083.4951,1179.0954
413,773.6842,595.6521,670.1754,2088.6074,1184.2819
414,770.1754,586.9565,662.2807,2093.7309,1173.1597
415,764.0350,592.1738,662.2807,2098.8525,1171.7658
416,764.9122,591.3043,666.6666,2103.9802,1174.3833
417,765.7894,592.1738,666.6666,2109.1184,1175.3927
418,763.1578,596.5217,667.5438,2114.2502,1176.3770
419,757.0175,595.6521,670.1754,2119.3806,1173.4615
420,742.9824,593.9130,667.5438,2124.4987,1162.0544
421,736.8421,598.2608,674.5614,2129.6218,1164.4249
422,748.2456,591.3043,669.2982,2134.7443,1165.1062
423,762.2807,597.3912,666.6666,2139.8647,1175.7519
424,742.1052,601.7391,678.0701,2144.9995,1171.5755
425,740.3508,601.7391,674.5614,2150.1313,1168.4359
426,733.3333,596.5217,670.1754,2155.2656,1158.7713
427,725.4385,598.2608,670.1754,2160.3994,1154.6914
428,722.8070,598.2608,666.6666,2165.5202,1151.0041
429,724.5614,595.6521,662.2807,2170.6362,1148.2188
430,716.6666,595.6521,655.2631,2175.7592,1139.2025
431,703.5087,594.7825,655.2631,2180.8833,1130.5135
432,704.3859,592.1738,650.0000,2186.0178,1126.6452
433,692.9824,591.3043,652.6315,2191.1257,1120.6219
434,681.5789,582.6087,651.7543,2196.2607,1108.4974
435,675.4385,580.0000,650.8771,2201.3974,1102.8410
436,674.5614,576.5217,638.5964,2206.5019,1093.2592
437,676.3157,580.8695,630.7017,2211.6210,1092.0610
438,668.4210,580.0000,636.8421,2216.7414,1090.3002
439,673.6842,580.0000,626.3157,2221.8449,1087.4382
440,671.9298,584.3478,627.1929,2226.9599,1089.1845
441,669.2982,583.4782,615.7894,2232.0922,1080.5571
442,672.8070,589.5652,614.9122,2237.2250,1085.5291
443,699.1228,587.8261,614.9122,2242.3610,1101.1037
444,697.3684,588.6956,610.5263,2247.4809,1098.0107
445,694.7368,586.0869,607.0175,2252.5974,1092.9901
446,721.0526,596.5217,621.0526,2257.7106,1123.1479
447,724.5614,593.0434,615.7894,2262.8217,1120.6634
448,725.4385,594.7825,608.7719,2267.9533,1118.3160
449,738.5964,596.5217,610.5263,2273.0878,1128.7626
450,742.9824,598.2608,607.0175,2278.2189,1130.6676
451,753.5087,596.5217,607.8947,2283.3469,1137.1673
452,765.7894,595.6521,613.1578,2288.4694,1147.6922
453,768.4210,596.5217,626.3157,2293.5935,1156.9704
454,771.9298,606.0869,636.8421,2298.7172,1169.9508
455,746.4912,592.1738,620.1754,2303.8400,1136.8978
456,779.8245,613.9130,642.9824,2308.9738,1182.5573
457,824.5614,670.4347,653.5087,2314.1142,1247.5808
458,882.4561,667.8261,607.8947,2319.2495,1262.6386
459,835.0877,646.0869,634.2105,2324.3881,1231.6748
460,834.2105,636.5217,655.2631,2329.5019,1237.1082
461,813.1578,621.7391,665.7894,2334.6210,1221.0900
462,804.3859,616.5217,678.9473,2339.7429,1219.8792
463,807.0175,613.9130,695.6140,2344.8681,1229.6524
464,782.4561,615.6521,706.1403,2350.0026,1220.6143
465,719.2982,611.3043,705.2631,2355.1301,1178.3374
466,770.1754,588.6956,688.5964,2360.2590,1189.0743
467,803.5087,578.2608,683.3333,2365.3874,1202.8950
468,747.3684,591.3043,679.8245,2370.5092,1170.6245
469,795.6140,583.4782,684.2105,2375.6345,1200.6633
470,766.6666,588.6956,699.1228,2380.7602,1192.9429
471,753.5087,585.2174,685.9649,2385.8837,1175.0756
472,762.2807,584.3478,696.4912,2391.0161,1186.4376
473,736.8421,587.8261,665.7894,2396.1440,1154.0153
474,736.8421,585.2174,662.2807,2401.2751,1150.6656
475,724.5614,583.4782,659.6491,2406.4084,1140.4267
476,722.8070,577.3912,655.2631,2411.5329,1133.6668
477,714.0350,577.3912,656.1403,2416.6564,1128.6040
478,711.4035,568.6956,650.0000,2421.7702,1118.9323
479,711.4035,570.4347,640.3508,2426.8747,1114.2441
480,712.2807,559.1304,638.5964,2432.0087,1108.0505
481,709.6491,566.9565,624.5614,2437.1284,1102.3240
482,695.6140,555.6521,625.4385,2442.2639,1088.0264
483,718.4210,567.8261,605.2631,2447.3945,1097.6788
484,703.5087,566.0869,612.2807,2452.5175,1090.9934
485,674.5614,580.8695,642.9824,2457.6357,1098.1207
486,695.6140,582.6087,626.3157,2462.7592,1102.5349
487,714.9122,588.6956,615.7894,2467.8823,1112.1416
488,716.6666,588.6956,620.1754,2473.0183,1115.7021
489,708.7719,597.3912,610.5263,2478.1462,1109.9443
490,717.5438,591.3043,621.0526,2483.2905,1118.1307
491,686.8421,585.2174,616.6666,2488.4064,1092.9360
492,712.2807,593.9130,608.7719,2493.5300,1109.3601
493,728.9473,606.9565,618.4210,2498.6523,1132.3449
494,762.2807,606.0869,624.5614,2503.7785,1156.9313
495,773.6842,614.7825,632.4561,2508.8989,1173.2628
496,774.5614,615.6521,633.3333,2514.0344,1174.7697
497,779.8245,621.7391,638.5964,2519.1645,1184.2683
498,788.5964,633.9130,639.4736,2524.3125,1196.9364
499,799.1228,650.4347,654.3859,2529.4379,1220.6079
500,799.1228,660.8695,643.8596,2534.5610,1220.6149
501,797.3684,670.4347,653.5087,2539.6857,1229.7775
502,788.5964,674.7825,648.2456,2544.8132,1223.6986
503,785.9649,665.2174,643.8596,2549.9499,1214.4176
504,785.0877,668.6956,650.0000,2555.0898,1219.0228
505,784.2105,662.6087,652.6315,2560.1938,1216.5378
506,784.2105,661.7391,659.6491,2565.3288,1219.8449
507,795.6140,663.4782,670.1754,2570.4555,1233.8315
508,786.8421,660.0000,675.4385,2575.5817,1229.2021
509,750.0000,668.6956,681.5789,2580.6870,1214.1679
510,808.7719,673.0434,700.8771,2585.7927,1264.2501
511,788.5964,653.0434,688.5964,2590.9243,1233.9024
512,751.7543,634.7825,683.3333,2596.0573,1197.9265
513,736.8421,619.1304,669.2982,2601.1906,1172.2708
514,728.9473,608.6956,666.6666,2606.3225,1160.3099
515,722.8070,598.2608,663.1578,2611.4470,1148.9753
516,727.1929,586.0869,657.0175,2616.5690,1141.9193
517,712.2807,578.2608,657.0175,2621.6838,1128.4509
518,707.0175,567.8261,654.3859,2626.7998,1118.2670
519,701.7543,553.0434,653.5087,2631.9323,1106.9733
520,696.4912,549.5652,649.1228,2637.0649,1099.3099
521,699.1228,540.8695,636.8421,2642.1911,1089.4404
522,693.8596,541.7391,634.2105,2647.3254,1084.9633
523,686.8421,540.8695,633.3333,2652.4521,1079.5383
524,692.1052,547.8261,624.5614,2657.5773,1081.2955
525,686.8421,562.6087,633.3333,2662.6982,1090.5924
526,684.2105,560.0000,621.0526,2667.8229,1080.4862
527,699.1228,563.4782,614.0350,2672.9350,1087.8049
528,688.5964,579.1304,607.0175,2678.0646,1085.3697
529,688.5964,580.8695,608.7719,2683.1860,1087.2800
530,701.7543,586.9565,600.8771,2688.3208,1094.5458
531,711.4035,592.1738,601.7543,2693.4467,1104.0258
532,714.0350,595.6521,606.1403,2698.5617,1109.9791
533,725.4385,605.2174,614.0350,2703.6804,1126.7601
534,729.8245,609.5652,617.5438,2708.8012,1133.8316
535,737.7192,609.5652,625.4385,2713.9389,1143.2292
536,755.2631,614.7825,630.7017,2719.0744,1160.2434
537,755.2631,616.5217,631.5789,2724.2045,1161.6425
538,772.8070,620.8695,634.2105,2729.3386,1176.8316
539,774.5614,621.7391,626.3157,2734.4648,1174.2131
540,795.6140,640.0000,644.7368,2739.5883,1207.5955
541,804.3859,653.9130,652.6315,2744.6950,1224.9763
542,802.6315,662.6087,656.1403,2749.8229,1230.3609
543,796.4912,672.1738,663.1578,2754.9575,1235.3114
544,797.3684,674.7825,652.6315,2760.0891,1231.6882
545,799.1228,676.5217,655.2631,2765.2219,1235.1715
546,801.7543,670.4347,662.2807,2770.3520,1237.2989
547,802.6315,666.9565,666.6666,2775.4758,1238.3427
548,786.8421,661.7391,663.1578,2780.6030,1223.4367
549,767.5438,659.1304,674.5614,2785.7282,1215.9809
550,808.7719,669.5652,674.5614,2790.8535,1247.9833
551,780.7017,665.2174,684.2105,2795.9924,1232.9450
552,803.5087,664.3478,691.2280,2801.1296,1250.9119
553,785.9649,649.5652,700.0000,2806.2624,1236.8006
554,761.4035,638.2608,694.7368,2811.3801,1212.3413
555,754.3859,627.8261,676.3157,2816.5017,1191.9173
556,756.1403,614.7825,675.4385,2821.6284,1185.7163
557,752.6315,594.7825,680.7017,2826.7514,1176.2548
558,714.9122,566.0869,685.0877,2831.8745,1140.5697
559,755.2631,566.0869,659.6491,2837.0056,1151.5267
560,719.2982,560.0000,677.1929,2842.1303,1135.5969
561,714.0350,561.7391,663.1578,2847.2416,1124.8001
562,709.6491,560.0000,661.4035,2852.3706,1120.1145
563,715.7894,552.1738,655.2631,2857.4731,1116.5216
564,715.7894,552.1738,659.6491,2862.5939,1119.1011
565,713.1578,549.5652,662.2807,2867.7148,1117.6904
566,711.4035,551.3043,664.0350,2872.8361,1118.4694
567,707.0175,558.2608,664.0350,2877.9665,1119.1387
568,721.0526,565.2174,665.7894,2883.0883,1132.5472
569,713.1578,572.1738,654.3859,2888.2167,1124.3657
570,707.0175,583.4782,646.4912,2893.3452,1121.7270
571,713.1578,588.6956,644.7368,2898.4655,1127.3164
572,703.5087,593.9130,629.8245,2903.5869,1115.4982
573,713.1578,597.3912,636.8421,2908.7136,1127.4034
574,714.9122,600.0000,629.8245,2913.8344,1125.9567
575,711.4035,600.8695,626.3157,2918.9533,1122.2346
576,708.7719,602.6087,624.5614,2924.0881,1120.5229
577,704.3859,606.9565,617.5438,2929.2209,1116.2061
578,714.9122,606.9565,621.0526,2934.3562,1124.8120
579,722.8070,607.8261,619.2982,2939.4790,1129.3505
580,724.5614,606.9565,613.1578,2944.6037,1126.6534
581,728.9473,610.4347,614.0350,2949.7292,1131.8277
582,723.6842,617.3912,607.0175,2954.8522,1128.4329
583,725.4385,613.9130,610.5263,2959.9826,1129.5541
584,724.5614,619.1304,605.2631,2965.1213,1129.0063
585,729.8245,622.6087,612.2807,2970.2438,1138.0567
586,725.4385,620.8695,611.4035,2975.3750,1133.8228
587,720.1754,620.0000,613.1578,2980.5007,1130.9355
588,719.2982,614.7825,617.5438,2985.6027,1129.9150
589,721.9298,614.7825,621.0526,2990.7268,1133.5107
590,724.5614,619.1304,621.0526,2995.8471,1137.5491
591,728.9473,613.0434,627.1929,3000.9768,1140.4199
592,732.4561,611.3043,632.4561,3006.1074,1144.6334
593,737.7192,609.5652,639.4736,3011.2392,1150.9675
594,742.1052,610.4347,646.4912,3016.3752,1158.1458
595,750.8771,612.1738,652.6315,3021.4948,1168.1187
596,757.0175,610.4347,655.2631,3026.6157,1172.6363
597,768.4210,608.6956,669.2982,3031.7343,1186.9884
598,778.9473,605.2174,684.2105,3036.8588,1200.4962
599,785.9649,606.0869,698.2456,3041.9946,1213.5192
600,792.9824,605.2174,699.1228,3047.1284,1218.1469
601,764.9122,567.8261,761.4035,3052.2585,1219.5296
602,671.9298,579.1304,769.2982,3057.3955,1174.1811
603,747.3684,574.7825,700.8771,3062.5136,1174.8035
604,886.8421,588.6956,711.4035,3067.6403,1280.2915
605,865.7894,594.7825,722.8070,3072.7644,1275.0716
606,849.1228,599.1304,728.0701,3077.8874,1268.8786
607,821.9298,600.0000,728.9473,3083.0158,1251.7718
608,815.7894,605.2174,723.6842,3088.1301,1247.2045
609,807.8947,606.0869,708.7719,3093.2639,1233.8529
610,808.7719,600.8695,695.6140,3098.3967,1224.3508
611,803.5087,605.2174,685.9649,3103.5244,1217.5640
612,797.3684,598.2608,683.3333,3108.6506,1208.5764
613,779.8245,594.7825,677.1929,3113.7741,1191.8402
614,771.0526,577.3912,678.0701,3118.9001,1177.9991
615,766.6666,573.0434,677.1929,3124.0263,1172.4960
616,762.2807,573.0434,670.1754,3129.1520,1165.5838
617,758.7719,575.6521,657.0175,3134.2912,1157.0576
618,758.7719,582.6087,650.8771,3139.4072,1157.0690
619,758.7719,584.3478,643.8596,3144.5295,1154.0157
620,751.7543,587.8261,647.3684,3149.6486,1153.1522
621,746.4912,587.8261,635.9649,3154.7744,1143.3459
622,733.3333,589.5652,633.3333,3159.9028,1134.2292
623,735.0877,591.3043,632.4561,3165.0366,1135.7796
624,724.5614,593.0434,620.1754,3170.1650,1123.0793
625,718.4210,605.2174,619.2982,3175.2990,1125.1431
626,719.2982,597.3912,614.9122,3180.4194,1119.0993
627,707.0175,597.3912,606.1403,3185.5388,1106.4160
628,703.5087,601.7391,605.2631,3190.6530,1106.0551
629,699.1228,600.8695,599.1228,3195.7722,1099.4384
630,697.3684,606.0869,599.1228,3200.8935,1101.1867
631,697.3684,606.0869,600.8771,3206.0200,1102.1422
632,698.2456,606.0869,600.8771,3211.1428,1102.6975
633,688.5964,606.9565,596.4912,3216.2729,1094.6977
634,685.0877,610.4347,599.1228,3221.4101,1095.8666
635,686.8421,607.8261,596.4912,3226.5288,1094.0778
636,685.0877,609.5652,597.3684,3231.6508,1094.4240
637,683.3333,611.3043,599.1228,3236.7705,1095.2558
638,684.2105,607.8261,599.1228,3241.8896,1093.8668
639,674.5614,606.0869,596.4912,3247.0246,1085.4382
640,675.4385,605.2174,599.1228,3252.1496,1086.9468
641,674.5614,613.0434,605.2631,3257.2927,1094.1658
642,684.2105,604.3478,604.3859,3262.4086,1094.8345
643,685.9649,605.2174,602.6315,3267.5312,1095.4454
644,688.5964,602.6087,606.1403,3272.6564,1097.5921
645,696.4912,605.2174,612.2807,3277.7800,1107.3734
646,708.7719,605.2174,620.1754,3282.9042,1119.4924
647,719.2982,600.8695,624.5614,3288.0402,1126.2819
648,724.5614,600.8695,630.7017,3293.1708,1133.0570
649,737.7192,608.6956,638.5964,3298.3159,1150.0198
650,749.1228,608.6956,642.9824,3303.4345,1159.7939
651,757.0175,609.5652,650.0000,3308.5590,1169.2498
652,767.5438,609.5652,655.2631,3313.6577,1179.0093
653,781.5789,609.5652,666.6666,3318.7746,1194.5207
654,792.9824,610.4347,678.0701,3323.8999,1208.8138
655,801.7543,611.3043,685.9649,3329.0361,1219.4470
656,814.0350,612.1738,685.0877,3334.1694,1227.4995
657,822.8070,611.3043,698.2456,3339.3051,1240.2625
658,827.1929,615.6521,698.2456,3344.4296,1245.3203
659,828.9473,611.3043,699.1228,3349.5541,1244.8371
660,834.2105,613.0434,703.5087,3354.6799,1251.6605
661,834.2105,611.3043,707.8947,3359.8007,1253.2817
662,832.4561,606.0869,709.6491,3364.9372,1250.5704
663,826.3157,601.7391,711.4035,3370.0710,1245.3845
664,828.0701,600.0000,705.2631,3375.2038,1242.2143
665,818.4210,595.6521,701.7543,3380.3210,1231.6954
666,801.7543,591.3043,693.8596,3385.4497,1214.0395
667,792.1052,573.9130,685.0877,3390.5705,1194.2160
668,781.5789,573.0434,681.5789,3395.6896,1184.8182
669,767.5438,569.5652,673.6842,3400.8122,1169.3496
670,759.6491,564.3478,664.9122,3405.9499,1156.5740
671,753.5087,561.7391,657.0175,3411.0898,1146.7337
672,749.1228,570.4347,649.1228,3416.2192,1143.6525
673,748.2456,571.3043,642.9824,3421.3515,1140.0379
674,742.9824,573.0434,636.8421,3426.4707,1134.0059
675,737.7192,579.1304,635.0877,3431.5856,1132.6774
676,724.5614,580.0000,634.2105,3436.7048,1124.1051
677,707.0175,583.4782,616.6666,3441.8066,1104.8070
678,706.1403,591.3043,614.0350,3446.9389,1106.9390
679,706.1403,593.0434,612.2807,3452.0705,1106.8977
680,702.6315,595.6521,602.6315,3457.1948,1100.7531
681,695.6140,597.3912,596.4912,3462.3308,1093.8724
682,688.5964,602.6087,592.1052,3467.4548,1089.9041
683,689.4736,605.2174,585.0877,3472.5778,1088.1129
684,687.7192,609.5652,582.4561,3477.6960,1088.0178
685,690.3508,606.0869,584.2105,3482.8151,1088.6816
686,686.8421,605.2174,581.5789,3487.9458,1084.5617
687,691.2280,600.8695,584.2105,3493.0830,1086.3436
688,685.9649,607.8261,576.3157,3498.2143,1082.6542
689,688.5964,611.3043,579.8245,3503.3513,1088.1427
690,688.5964,620.0000,571.0526,3508.4731,1088.4237
691,689.4736,620.8695,576.3157,3513.5734,1092.2421
692,692.9824,620.0000,579.8245,3518.6979,1095.8199
693,694.7368,619.1304,578.0701,3523.8081,1095.5122
694,694.7368,621.7391,584.2105,3528.9379,1100.2366
695,694.7368,619.1304,589.4736,3534.0751,1101.5720
696,698.2456,618.2608,589.4736,3539.2058,1103.3007
697,695.6140,614.7825,591.2280,3544.3369,1100.6303
698,704.3859,616.5217,599.1228,3549.4609,1111.3985
699,712.2807,613.0434,608.7719,3554.5808,1119.7183
700,724.5614,611.3043,621.0526,3559.7004,1133.3087
701,735.0877,612.1738,631.5789,3564.8208,1146.2995
702,743.8596,612.1738,644.7368,3569.9514,1159.2106
703,755.2631,610.4347,658.7719,3575.0886,1173.4707
704,764.9122,612.1738,671.0526,3580.2214,1187.5013
705,778.9473,613.0434,684.2105,3585.3508,1204.4605
706,790.3508,611.3043,696.4912,3590.4699,1217.9686
707,799.1228,610.4347,700.8771,3595.5969,1225.7474
708,803.5087,607.8261,706.1403,3600.7226,1230.3305
709,813.1578,605.2174,718.4210,3605.8479,1242.4342
710,814.9122,603.4782,723.6842,3610.9838,1245.7877
711,815.7894,597.3912,718.4210,3616.1252,1240.3699
712,821.0526,595.6521,722.8070,3621.2597,1245.5435
713,821.9298,594.7825,718.4210,3626.3935,1243.1668
714,821.9298,592.1738,710.5263,3631.5192,1237.3706
715,824.5614,591.3043,710.5263,3636.6440,1238.7049
716,821.0526,593.0434,703.5087,3641.7707,1233.1879
717,816.6666,591.3043,698.2456,3646.8850,1226.4306
718,810.5263,581.7391,696.4912,3652.0222,1216.7470
719,800.8771,580.0000,689.4736,3657.1572,1205.4783
720,793.8596,575.6521,686.8421,3662.2739,1197.2220
721,792.9824,578.2608,681.5789,3667.4121,1194.8876
722,785.0877,581.7391,673.6842,3672.5383,1186.8586
723,783.3333,581.7391,668.4210,3677.6616,1182.7164
724,778.9473,581.7391,658.7719,3682.7893,1174.3763
725,770.1754,578.2608,653.5087,3687.9284,1163.8854
726,751.7543,588.6956,640.3508,3693.0629,1149.6723
727,738.5964,582.6087,671.9298,3698.1958,1156.0482
728,724.5614,591.3043,627.1929,3703.3291,1126.0555
729,719.2982,594.7825,617.5438,3708.4467,1119.1589
730,714.9122,593.0434,617.5438,3713.5693,1115.4194
731,706.1403,596.5217,604.3859,3718.6889,1104.4251
732,696.4912,597.3912,592.1052,3723.8093,1092.0462
733,688.5964,601.7391,589.4736,3728.9365,1087.9956
734,679.8245,602.6087,580.7017,3734.0759,1078.1990
735,667.5438,605.2174,576.3157,3739.2082,1069.5993
736,668.4210,607.8261,566.6666,3744.3403,1066.4663
737,666.6666,607.8261,566.6666,3749.4665,1065.3676
738,661.4035,610.4347,565.7894,3754.5939,1063.1099
739,664.0350,613.0434,558.7719,3759.7170,1062.5397
740,663.1578,614.7825,555.2631,3764.8325,1061.1566
741,657.0175,614.7825,555.2631,3769.9636,1057.3300
742,657.0175,613.9130,556.1403,3775.0932,1057.2858
743,655.2631,619.1304,560.5263,3780.2163,1061.5469
744,662.2807,613.0434,560.5263,3785.3471,1062.3688
745,664.9122,615.6521,564.0350,3790.4626,1067.3665
746,671.9298,615.6521,574.5614,3795.5834,1077.3291
747,674.5614,607.8261,582.4561,3800.7102,1078.7681
748,676.3157,609.5652,590.3508,3805.8376,1085.1207
749,685.0877,612.1738,602.6315,3810.9687,1098.7569
750,699.1228,613.9130,615.7894,3816.0998,1115.7322
751,708.7719,612.1738,629.8245,3821.2321,1128.6246
752,724.5614,611.3043,641.2280,3826.3654,1144.4892
753,736.8421,610.4347,653.5087,3831.4890,1158.7237
754,751.7543,610.4347,668.4210,3836.6147,1176.6699
755,761.4035,613.0434,676.3157,3841.7431,1188.6801
756,770.1754,607.8261,683.3333,3846.8618,1195.6451
757,780.7017,607.8261,694.7368,3852.0004,1208.9694
758,792.9824,606.9565,699.1228,3857.1323,1219.0119
759,793.8596,608.6956,700.0000,3862.2617,1220.9519
760,804.3859,606.0869,708.7719,3867.3808,1231.5583
761,807.0175,605.2174,711.4035,3872.5007,1234.3663
762,814.9122,600.8695,716.6666,3877.6188,1240.4584
763,809.6491,593.9130,708.7719,3882.7490,1229.0736
764,815.7894,591.3043,707.0175,3887.8735,1230.8643
765,816.6666,591.3043,703.5087,3893.0090,1229.4348
766,809.6491,593.9130,698.2456,3898.1401,1223.0336
767,811.4035,591.3043,690.3508,3903.2724,1218.4418
768,810.5263,591.3043,692.9824,3908.4079,1219.3516
769,802.6315,583.4782,684.2105,3913.5332,1205.3250
770,799.1228,579.1304,680.7017,3918.6569,1198.8929
771,796.4912,577.3912,674.5614,3923.7792,1192.8168
772,789.4736,579.1304,668.4210,3928.9057,1185.5157
773,784.2105,578.2608,662.2807,3934.0410,1178.1287
774,786.8421,583.4782,657.0175,3939.1662,1179.5081
775,785.9649,583.4782,651.7543,3944.3083,1175.9980
776,778.9473,581.7391,647.3684,3949.4355,1168.0177
777,766.6666,583.4782,641.2280,3954.5585,1157.3237
778,745.6140,580.0000,641.2280,3959.6843,1141.7152
779,736.8421,582.6087,625.4385,3964.7893,1128.5134
780,734.2105,586.0869,616.6666,3969.9270,1123.7619
781,733.3333,591.3043,615.7894,3975.0603,1125.4400
782,716.6666,592.1738,610.5263,3980.1926,1112.2155
783,706.1403,598.2608,610.5263,3985.3237,1108.7347
784,695.6140,594.7825,605.2631,3990.4436,1097.2641
785,689.4736,597.3912,599.1228,3995.5651,1091.4204
786,687.7192,598.2608,596.4912,4000.6857,1089.3464
787,683.3333,605.2174,587.7192,4005.8081,1085.6549
788,680.7017,602.6087,579.8245,4010.9440,1078.2803
789,679.8245,605.2174,577.1929,4016.0827,1077.7761
790,682.4561,605.2174,574.5614,4021.2141,1078.0330
791,685.0877,607.8261,571.9298,4026.3430,1079.7691
792,685.0877,608.6956,565.7894,4031.4660,1077.0206
793,689.4736,613.9130,561.4035,4036.5791,1080.4799
794,690.3508,609.5652,561.4035,4041.7048,1078.5769
795,686.8421,614.7825,561.4035,4046.8273,1079.2977
796,686.8421,616.5217,562.2807,4051.9628,1080.7454
797,687.7192,619.1304,564.0350,4057.0983,1083.7047
798,687.7192,614.7825,566.6666,4062.2236,1082.6018
799,700.8771,615.6521,573.6842,4067.3601,1095.1574
800,708.7719,613.0434,576.3157,4072.4841,1100.1453
801,714.9122,613.0434,585.9649,4077.6000,1109.1783
802,727.1929,611.3043,597.3684,4082.7221,1122.2083
803,740.3508,613.0434,607.0175,4087.8439,1136.8430
804,751.7543,612.1738,625.4385,4092.9714,1153.7178
805,759.6491,612.1738,633.3333,4098.1083,1163.1572
806,766.6666,610.4347,646.4912,4103.2392,1174.0355
807,780.7017,606.0869,660.5263,4108.3720,1188.7521
808,785.9649,612.1738,672.8070,4113.4941,1202.1510
809,798.2456,606.9565,685.0877,4118.6171,1214.4700
810,800.0000,604.3478,690.3508,4123.7402,1217.3005
811,805.2631,606.9565,694.7368,4128.8447,1224.5424
812,807.8947,595.6521,703.5087,4133.9873,1225.7324
813,801.7543,586.9565,704.3859,4139.1289,1217.9851
814,792.9824,581.7391,700.0000,4144.2680,1207.1625
815,791.2280,575.6521,697.3684,4149.3867,1201.5573
816,792.1052,573.0434,698.2456,4154.5141,1201.3977
817,790.3508,563.4782,694.7368,4159.6318,1193.6589
818,771.0526,566.0869,690.3508,4164.7602,1179.6444
819,774.5614,570.4347,678.0701,4169.8784,1176.9113
820,775.4385,567.8261,672.8070,4175.0141,1173.2010
821,765.7894,572.1738,667.5438,4180.1474,1165.9465
822,764.9122,567.8261,665.7894,4185.2944,1162.2362
823,756.1403,568.6956,657.8947,4190.4228,1152.3837
824,757.0175,579.1304,652.6315,4195.5468,1155.1604
825,754.3859,586.0869,641.2280,4200.6635,1150.5518
826,760.5263,591.3043,639.4736,4205.7836,1156.2731
827,753.5087,593.9130,630.7017,4210.9111,1148.1694
828,753.5087,594.7825,621.9298,4216.0498,1143.8262
829,750.8771,598.2608,614.9122,4221.1845,1140.1094
830,748.2456,601.7391,616.6666,4226.3208,1141.1569
831,739.4736,603.4782,607.8947,4231.4443,1131.6109
832,748.2456,601.7391,593.8596,4236.5737,1128.9954
833,750.8771,605.2174,592.1052,4241.7016,1131.6772
834,747.3684,601.7391,585.0877,4246.8281,1123.8225
835,741.2280,608.6956,585.9649,4251.9643,1123.9592
836,740.3508,605.2174,585.9649,4257.1030,1121.5001
837,734.2105,608.6956,582.4561,4262.2373,1117.5108
838,730.7017,609.5652,578.0701,4267.3710,1113.4002
839,732.4561,610.4347,579.8245,4272.4907,1115.9387
840,731.5789,613.0434,577.1929,4277.6191,1115.4289
841,728.9473,613.9130,578.0701,4282.7382,1114.6383
842,739.4736,621.7391,571.9298,4287.8637,1122.7130
843,724.5614,620.0000,582.4561,4293.0063,1117.4276
844,729.8245,625.2174,576.3157,4298.1162,1120.5715
845,730.7017,620.0000,585.0877,4303.2509,1122.7879
846,728.9473,618.2608,585.9649,4308.3647,1121.1447
847,736.8421,617.3912,589.4736,4313.4882,1127.6468
848,732.4561,609.5652,604.3859,4318.6147,1128.4255
849,736.8421,609.5652,588.5964,4323.7397,1122.9211
850,745.6140,607.8261,595.6140,4328.8676,1131.4366
851,732.4561,605.2174,598.2456,4334.0078,1122.7990
852,738.5964,600.8695,610.5263,4339.1376,1131.0665
853,741.2280,606.0869,603.5087,4344.2705,1131.8052
854,742.9824,601.7391,614.9122,4349.4018,1136.7629
855,735.0877,605.2174,619.2982,4354.5317,1135.8575
856,729.8245,600.0000,627.1929,4359.6538,1134.0260
857,744.7368,596.5217,627.1929,4364.7534,1141.8591
858,746.4912,595.6521,634.2105,4369.8798,1146.4177
859,738.5964,595.6521,630.7017,4375.0200,1139.3468
860,736.8421,593.9130,629.8245,4380.1533,1136.8148
861,736.8421,595.6521,632.4561,4385.3051,1139.1832
862,742.9824,597.3912,635.9649,4390.4296,1146.0151
863,773.6842,593.0434,633.3333,4395.5522,1162.4968
864,741.2280,601.7391,647.3684,4400.6738,1153.5141
865,714.0350,591.3043,635.9649,4405.8017,1124.2501
866,733.3333,593.9130,650.0000,4410.9340,1145.8666
867,733.3333,591.3043,641.2280,4416.0561,1139.5578
868,741.2280,597.3912,640.3508,4421.1879,1147.3206
869,736.8421,593.9130,644.7368,4426.3208,1145.1439
870,746.4912,597.3912,648.2456,4431.4482,1155.1397
871,751.7543,598.2608,657.8947,4436.5717,1164.4210
872,759.6491,597.3912,657.0175,4441.6982,1168.5953
873,758.7719,597.3912,657.0175,4446.8193,1168.0253
874,758.7719,599.1304,657.0175,4451.9472,1168.9157
875,757.8947,598.2608,662.2807,4457.0795,1170.8698
876,763.1578,594.7825,660.5263,4462.2128,1171.5251
877,761.4035,597.3912,659.6491,4467.3481,1171.2166
878,776.3157,598.2608,661.4035,4472.4721,1182.3861
879,763.1578,599.1304,665.7894,4477.5942,1176.7084
880,753.5087,595.6521,658.7719,4482.7177,1164.7135
881,745.6140,598.2608,660.5263,4487.8461,1161.9600
882,762.2807,593.9130,654.3859,4492.9868,1167.0584
883,760.5263,594.7825,661.4035,4498.1225,1170.3081
884,755.2631,595.6521,655.2631,4503.2558,1163.8702
885,761.4035,595.6521,667.5438,4508.3930,1174.7985
886,762.2807,593.9130,655.2631,4513.5209,1167.5505
887,761.4035,591.3043,666.6666,4518.6474,1172.1009
888,755.2631,592.1738,650.0000,4523.7724,1159.1342
889,750.8771,593.0434,637.7192,4528.8740,1149.8708
890,747.3684,594.7825,649.1228,4534.0112,1154.8533
891,748.2456,596.5217,638.5964,4539.1416,1150.4412
892,751.7543,592.1738,652.6315,4544.2758,1158.3317
893,744.7368,590.4347,647.3684,4549.4106,1149.9270
894,750.8771,591.3043,636.8421,4554.5395,1148.4882
895,752.6315,585.2174,631.5789,4559.6679,1143.6020
896,748.2456,587.8261,624.5614,4564.7944,1138.1950
897,753.5087,593.0434,639.4736,4569.9306,1152.5634
898,737.7192,595.6521,628.9473,4575.0644,1137.8076
899,745.6140,598.2608,633.3333,4580.2026,1146.7203
900,754.3859,598.2608,642.9824,4585.3374,1157.7740
901,752.6315,600.8695,638.5964,4590.4614,1155.5535
902,735.9649,605.2174,653.5087,4595.5898,1155.4246
903,765.7894,603.4782,640.3508,4600.7172,1166.4770
904,757.8947,597.3912,642.9824,4605.8442,1159.6151
905,746.4912,600.0000,651.7543,4610.9838,1158.4614
906,772.8070,704.3478,608.7719,4616.1040,1209.9338
907,700.8771,602.6087,613.1578,4621.2402,1109.2017
908,683.3333,609.5652,486.8421,4626.3750,1037.0773
909,675.4385,542.6087,622.8070,4631.4956,1067.0192
910,736.8421,586.9565,677.1929,4636.6176,1160.1916
911,732.4561,625.2174,695.6140,4641.7431,1187.9678
912,781.5789,640.8695,666.6666,4646.8715,1210.7946
913,758.7719,634.7825,649.1228,4652.0136,1183.2346
914,697.3684,616.5217,649.1228,4657.1420,1134.8049
915,723.6842,609.5652,646.4912,4662.2753,1145.9666
916,739.4736,606.0869,649.1228,4667.4130,1155.6484
917,764.9122,601.7391,639.4736,4672.5327,1164.5202
918,807.0175,592.1738,657.0175,4677.6635,1197.3383
919,833.3333,592.1738,642.9824,4682.7753,1207.7006
920,816.6666,598.2608,641.2280,4687.9018,1198.3463
921,769.2982,587.8261,633.3333,4693.0390,1156.9228
922,757.8947,583.4782,639.4736,4698.1723,1150.5554
923,778.9473,585.2174,636.8421,4703.3217,1163.9614
924,799.1228,593.0434,630.7017,4708.4506,1178.1691
925,802.6315,597.3912,638.5964,4713.5683,1186.9707
926,764.0350,592.1738,638.5964,4718.6953,1158.5443
927,742.9824,597.3912,633.3333,4723.8159,1144.5568
928,731.5789,592.1738,628.0701,4728.9550,1131.5253
929,722.8070,591.3043,634.2105,4734.0864,1128.8551
930,720.1754,588.6956,638.5964,4739.2197,1128.2822
931,727.1929,592.1738,641.2280,4744.3525,1136.0690
932,728.0701,592.1738,632.4561,4749.4682,1131.7053
933,734.2105,588.6956,620.1754,4754.5874,1127.0515
934,738.5964,588.6956,639.4736,4759.7060,1140.6199
935,738.5964,590.4347,643.8596,4764.8334,1143.9813
936,750.8771,592.1738,647.3684,4769.9770,1154.8040
937,750.0000,597.3912,645.6140,4775.1152,1155.9384
938,754.3859,593.9130,646.4912,4780.2314,1157.4893
939,751.7543,593.9130,655.2631,4785.3706,1160.7054
940,752.6315,594.7825,652.6315,4790.4985,1160.2364
941,755.2631,600.0000,658.7719,4795.6230,1168.0765
942,748.2456,601.7391,656.1403,4800.7255,1162.9624
943,748.2456,601.7391,657.8947,4805.8515,1163.9531
944,778.9473,593.9130,658.7719,4810.9921,1180.4542
945,842.9824,598.2608,666.6666,4816.1347,1230.0324
946,766.6666,609.5652,625.4385,4821.2666,1162.1192
947,784.2105,600.8695,680.7017,4826.3999,1199.7438
948,742.1052,600.8695,631.5789,4831.5278,1144.8389
949,757.8947,601.7391,659.6491,4836.6547,1171.1666
950,760.5263,599.1304,632.4561,4841.7846,1156.4420
951,756.1403,593.9130,642.1052,4846.9086,1156.1921
952,744.7368,596.5217,633.3333,4852.0434,1145.2432
953,745.6140,597.3912,638.5964,4857.1757,1149.1832
954,738.5964,593.0434,635.0877,4862.3208,1140.4217
955,723.6842,590.4347,636.8421,4867.4365,1130.4423
956,734.2105,594.7825,636.8421,4872.5639,1139.4732
957,735.0877,592.1738,642.9824,4877.6904,1142.1253
958,766.6666,591.3043,639.4736,4882.8090,1160.3211
959,760.5263,600.0000,632.4561,4887.9472,1156.8928
960,745.6140,599.1304,645.6140,4893.0678,1153.9995
961,742.9824,602.6087,645.6140,4898.2006,1154.1134
962,741.2280,600.8695,652.6315,4903.3378,1156.0239
963,751.7543,605.2174,652.6315,4908.4604,1165.0539
964,746.4912,606.0869,652.6315,4913.5825,1162.1181
965,742.9824,608.6956,657.0175,4918.7036,1163.7033
966,751.7543,607.8261,652.6315,4923.8261,1166.4112
967,753.5087,605.2174,646.4912,4928.9682,1162.7615
968,760.5263,605.2174,636.8421,4934.1074,1162.0052
969,756.1403,605.2174,638.5964,4939.2363,1160.1042
970,753.5087,602.6087,627.1929,4944.3671,1150.7752
971,749.1228,606.0869,628.0701,4949.4941,1150.2167
972,764.9122,600.8695,624.5614,4954.6083,1155.9464
973,769.2982,600.0000,622.8070,4959.7397,1157.4576
974,764.9122,602.6087,631.5789,4964.8471,1160.6550
975,753.5087,605.2174,630.7017,4969.9897,1154.0573
976,747.3684,600.0000,630.7017,4975.1245,1147.3204
977,747.3684,600.0000,634.2105,4980.2407,1149.2530
978,742.9824,600.0000,639.4736,4985.3554,1149.3256
979,743.8596,600.0000,633.3333,4990.4624,1146.4895
980,747.3684,597.3912,637.7192,4995.5698,1149.8355
981,739.4736,593.0434,636.8421,5000.6972,1141.9675
982,735.0877,594.7825,630.7017,5005.8212,1136.6199
983,734.2105,590.4347,635.0877,5010.9575,1136.2282
984,728.9473,589.5652,621.9298,5016.0913,1125.0546
985,733.3333,584.3478,625.4385,5021.2221,1127.1262
986,737.7192,593.0434,631.5789,5026.3549,1137.9025
987,741.2280,593.0434,641.2280,5031.4770,1145.5535
988,742.1052,598.2608,644.7368,5036.5961,1150.7918
989,745.6140,601.7391,643.8596,5041.7192,1154.3767
990,750.8771,600.8695,644.7368,5046.8486,1157.8197
991,746.4912,602.6087,641.2280,5051.9926,1153.9323
992,752.6315,606.0869,642.1052,5057.1337,1160.2132
993,752.6315,605.2174,637.7192,5062.2622,1157.3367
994,757.8947,605.2174,642.9824,5067.3989,1163.6661
995,759.6491,606.0869,641.2280,5072.5283,1164.2944
996,757.0175,607.8261,634.2105,5077.6499,1159.6340
997,761.4035,606.0869,634.2105,5082.7724,1161.5936
998,759.6491,607.8261,633.3333,5087.8940,1160.8748
999,760.5263,609.5652,627.1929,5093.0375,1159.0258
1000,764.9122,606.9565,634.2105,5098.1621,1164.3496
1001,773.6842,611.3043,628.9473,5103.3881,1169.5533
1002,780.7017,609.5652,632.4561,5108.6035,1175.1875
1003,766.6666,611.3043,630.7017,5113.8178,1165.8710
1004,759.6491,610.4347,631.5789,5119.0483,1161.2877
1005,757.0175,607.8261,631.5789,5124.2714,1158.1968
1006,756.1403,606.0869,632.4561,5129.4926,1157.1907
1007,764.9122,606.0869,635.0877,5134.7011,1164.3747
1008,746.4912,605.2174,634.2105,5139.9101,1151.4166
1009,742.1052,605.2174,632.4561,5145.1372,1147.6102
1010,740.3508,600.8695,640.3508,5150.3588,1148.5699
1011,743.8596,599.1304,640.3508,5155.5751,1149.9277
1012,746.4912,605.2174,640.3508,5160.7910,1154.8101
1013,744.7368,598.2608,640.3508,5166.0180,1150.0427
1014,745.6140,596.5217,639.4736,5171.2338,1149.2193
1015,746.4912,600.8695,638.5964,5176.4589,1151.5635
1016,748.2456,600.8695,638.5964,5181.6772,1152.7016
1017,751.7543,602.6087,640.3508,5186.8945,1156.8582
1018,748.2456,605.2174,634.2105,5192.1254,1152.5548
1019,753.5087,605.2174,638.5964,5197.3476,1158.3907
1020,752.6315,604.3478,631.5789,5202.5625,1153.5087
1021,754.3859,605.2174,631.5789,5207.7773,1155.1096
1022,753.5087,597.3912,630.7017,5212.9897,1149.9724
1023,752.6315,605.2174,635.0877,5218.2177,1155.8887
1024,750.0000,605.2174,633.3333,5223.4418,1153.2125
1025,750.8771,605.2174,638.5964,5228.6376,1156.6806
1026,742.1052,605.2174,639.4736,5233.8544,1151.4925
1027,750.8771,603.4782,639.4736,5239.0800,1156.2565
1028,747.3684,600.8695,640.3508,5244.3164,1153.1058
1029,750.8771,605.2174,635.9649,5249.5292,1155.2298
1030,746.4912,606.0869,636.8421,5254.7465,1153.3249
1031,748.2456,606.0869,638.5964,5259.9589,1155.4299
1032,750.8771,601.7391,638.5964,5265.1826,1154.8645
1033,746.4912,601.7391,635.0877,5270.4125,1150.0762
1034,751.7543,602.6087,638.5964,5275.6215,1155.8881
1035,750.8771,602.6087,637.7192,5280.8413,1154.8332
1036,750.0000,602.6087,631.5789,5286.0742,1150.8819
1037,750.8771,600.8695,638.5964,5291.2807,1154.4116
1038,752.6315,606.9565,635.0877,5296.5097,1156.8002
1039,751.7543,600.0000,637.7192,5301.7241,1154.0452
1040,754.3859,604.3478,635.0877,5306.9184,1156.5772
1041,750.0000,600.8695,635.0877,5312.1416,1151.9030
1042,750.0000,600.0000,634.2105,5317.3466,1150.9660
1043,746.4912,602.6087,639.4736,5322.5234,1152.9583
1044,748.2456,602.6087,635.9649,5327.7431,1152.1545
1045,751.7543,603.4782,634.2105,5332.9584,1153.9252
1046,754.3859,601.7391,635.9649,5338.1884,1155.6987
1047,746.4912,606.0869,634.2105,5343.4174,1151.8739
1048,752.6315,605.2174,634.2105,5348.6289,1155.4069
1049,750.8771,602.6087,638.5964,5353.8437,1155.3178
1050,752.6315,602.6087,635.0877,5359.0747,1154.5250
1051,751.7543,599.1304,633.3333,5364.3076,1151.1746
1052,750.8771,604.3478,635.9649,5369.5185,1154.7745
1053,748.2456,605.2174,638.5964,5374.7368,1154.9741
1054,750.8771,606.0869,636.8421,5379.9531,1156.1685
1055,749.1228,601.7391,635.9649,5385.1777,1152.2700
1056,750.8771,601.7391,638.5964,5390.4033,1154.8645
1057,750.8771,603.4782,638.5964,5395.6225,1155.7716
1058,749.1228,603.4782,635.9649,5400.8432,1153.1791
1059,751.7543,605.2174,633.3333,5406.0703,1154.3542
1060,751.7543,599.1304,635.9649,5411.3056,1152.6245
1061,752.6315,605.2174,630.7017,5416.5195,1153.4847
1062,751.7543,606.0869,633.3333,5421.7363,1154.8104
1063,751.7543,603.4782,637.7192,5426.9506,1155.8575
1064,749.1228,601.7391,634.2105,5432.1826,1151.3027
1065,748.2456,605.2174,635.0877,5437.4067,1153.0377
1066,750.8771,600.8695,637.7192,5442.6123,1153.9266
1067,771.0526,606.9565,634.2105,5447.8330,1168.3925
1068,750.8771,605.2174,634.2105,5453.0566,1154.2650
1069,751.7543,601.7391,635.0877,5458.2783,1153.4995
1070,751.7543,601.7391,632.4561,5463.5034,1152.0527
1071,750.8771,600.0000,634.2105,5468.7182,1151.5378
1072,752.6315,605.2174,635.9649,5473.9160,1156.3709
1073,751.7543,605.2174,632.4561,5479.1450,1153.8732
1074,750.0000,601.7391,638.5964,5484.3730,1154.2943
1075,750.8771,600.8695,634.2105,5489.5703,1151.9912
1076,750.8771,604.3478,635.0877,5494.7890,1154.2916
1077,752.6315,599.1304,636.8421,5500.0009,1153.6807
1078,753.5087,606.0869,635.9649,5505.2182,1157.3972
1079,748.2456,605.2174,633.3333,5510.4404,1152.0723
1080,748.2456,603.4782,638.5964,5515.6494,1154.0637
1081,748.2456,605.2174,632.4561,5520.8608,1151.5903
1082,750.0000,600.8695,635.9649,5526.0869,1152.3869
1083,750.8771,603.4782,634.2105,5531.3066,1153.3540
1084,746.4912,605.2174,631.5789,5536.5214,1149.9692
1085,751.7543,600.8695,635.9649,5541.7402,1153.5295
1086,750.8771,600.0000,635.9649,5546.9614,1152.5050
1087,751.7543,603.4782,634.2105,5552.1723,1153.9252
1088,750.8771,605.2174,633.3333,5557.3994,1153.7832
1089,750.8771,601.7391,634.2105,5562.6152,1152.4450
1090,750.8771,602.6087,635.0877,5567.8315,1153.3820
1091,750.8771,605.2174,634.2105,5573.0585,1154.2650
1092,750.8771,601.7391,638.5964,5578.2807,1154.8645
1093,750.0000,603.4782,634.2105,5583.5112,1152.7832
1094,750.8771,600.8695,635.9649,5588.7084,1152.9580
1095,751.7543,605.2174,633.3333,5593.9326,1154.3542
1096,749.1228,604.3478,637.7192,5599.1621,1154.6026
1097,752.6315,602.6087,635.9649,5604.3852,1155.0078
1098,750.8771,605.2174,633.3333,5609.5957,1153.7832
1099,751.7543,600.8695,638.5964,5614.8120,1154.9824
1100,751.7543,602.6087,635.9649,5620.0454,1154.4364
1101,751.7543,606.0869,634.2105,5625.2724,1155.2917
1102,750.8771,602.6087,635.9649,5630.4931,1153.8653
1103,751.7543,605.2174,638.5964,5635.7143,1157.2502
1104,752.6315,605.2174,632.4561,5640.9316,1154.4449
1105,751.7543,602.6087,639.4736,5646.1586,1156.3730
1106,750.8771,600.8695,635.9649,5651.3876,1152.9580
1107,751.7543,605.2174,634.2105,5656.6113,1154.8358
1108,750.8771,603.4782,635.0877,5661.8291,1153.8366
1109,750.8771,600.8695,633.3333,5667.0581,1151.5085
1110,750.8771,602.6087,635.9649,5672.2963,1153.8653
1111,752.6315,605.2174,635.9649,5677.5170,1156.3709
1112,749.1228,597.3912,634.2105,5682.7343,1149.0362
1113,750.8771,600.8695,636.8421,5687.9418,1153.4421
1114,751.7543,605.2174,635.0877,5693.1752,1155.3177
1115,750.8771,600.8695,635.9649,5698.3974,1152.9580
1116,751.7543,602.6087,635.9649,5703.6206,1154.4364
1117,752.6315,602.6087,635.9649,5708.8413,1155.0078
1118,752.6315,605.2174,632.4561,5714.0654,1154.4449
1119,752.6315,605.2174,635.0877,5719.2993,1155.8887
1120,754.3859,605.2174,637.7192,5724.5126,1158.4783
1121,750.8771,605.2174,635.9649,5729.7304,1155.2298
1122,751.7543,605.2174,636.8421,5734.9487,1156.2830
1123,753.5087,605.2174,635.0877,5740.1796,1156.4600
1124,752.6315,597.3912,638.5964,5745.4018,1153.7487
1125,751.7543,606.9565,635.0877,5750.6166,1156.2297
1126,752.6315,606.9565,635.0877,5755.8310,1156.8002
1127,750.8771,602.6087,635.9649,5761.0581,1153.8653
1128,751.7543,601.7391,634.2105,5766.2978,1153.0167
1129,752.6315,605.2174,632.4561,5771.5087,1154.4449
1130,749.1228,602.6087,634.2105,5776.7236,1151.7574
1131,752.6315,601.7391,634.2105,5781.9389,1153.5888
1132,751.7543,603.4782,632.4561,5787.1689,1152.9620
1133,751.7543,601.7391,636.8421,5792.3979,1154.4663
1134,751.7543,602.6087,636.8421,5797.6171,1154.9197
1135,749.1228,605.2174,634.2105,5802.8378,1153.1245
1136,750.8771,600.0000,634.2105,5808.0615,1151.5378
1137,747.3684,603.4782,635.9649,5813.2666,1152.0402
1138,752.6315,605.2174,638.5964,5818.4902,1157.8203
1139,752.6315,605.2174,635.9649,5823.7075,1156.3709
1140,750.8771,603.4782,637.7192,5828.9248,1155.2872
1141,752.6315,603.4782,635.9649,5834.1552,1155.4616
1142,751.7543,602.6087,636.8421,5839.3813,1154.9197
1143,751.7543,605.2174,638.5964,5844.6010,1157.2502
1144,751.7543,601.7391,633.3333,5849.8178,1152.5345
1145,750.0000,605.2174,638.5964,5855.0493,1156.1114
1146,754.3859,603.4782,638.5964,5860.2509,1158.0543
1147,751.7543,602.6087,637.7192,5865.4741,1155.4038
1148,752.6315,602.6087,635.0877,5870.6933,1154.5250
1149,750.8771,606.0869,637.7192,5875.9082,1156.6519
1150,746.4912,604.3478,635.9649,5881.1347,1151.9273
1151,750.0000,606.0869,634.2105,5886.3632,1154.1510
1152,750.8771,606.0869,633.3333,5891.5532,1154.2396
1153,751.7543,603.4782,634.2105,5896.7656,1153.9252
1154,750.8771,605.2174,636.8421,5901.9838,1155.7130
1155,750.8771,605.2174,634.2105,5907.2153,1154.2650
1156,750.8771,606.0869,635.0877,5912.4418,1155.2031
1157,750.8771,600.8695,640.3508,5917.6499,1155.3830
1158,750.8771,606.0869,633.3333,5922.8681,1154.2396
1159,751.7543,602.6087,640.3508,5928.0927,1156.8582
1160,750.8771,600.8695,634.2105,5933.3256,1151.9912
1161,753.5087,605.2174,634.2105,5938.5439,1155.9786
1162,747.3684,625.2174,638.5964,5943.7597,1165.0157
1163,753.5087,606.9565,636.8421,5948.9711,1158.3348
1164,751.7543,601.7391,636.8421,5954.2031,1154.4663
1165,750.8771,605.2174,638.5964,5959.4321,1156.6806
1166,752.6315,600.8695,636.8421,5964.6494,1154.5849
1167,752.6315,602.6087,633.3333,5969.8701,1153.5609
1168,750.8771,603.4782,636.8421,5975.1000,1154.8032
1169,759.6491,602.6087,635.9649,5980.3286,1159.5927
1170,752.6315,599.1304,635.9649,5985.5493,1153.1967
1171,750.8771,604.3478,635.0877,5990.7626,1154.2916
1172,748.2456,599.1304,638.5964,5995.9755,1151.7961
1173,752.6315,600.0000,635.0877,6001.2011,1153.1655
1174,749.1228,606.0869,635.0877,6006.4033,1154.0635
1175,751.7543,600.8695,638.5964,6011.6040,1154.9824
1176,749.1228,603.4782,632.4561,6016.8256,1151.2479
1177,752.6315,605.2174,635.0877,6022.0522,1155.8887
1178,752.6315,605.2174,638.5964,6027.2734,1157.8203
1179,752.6315,606.0869,634.2105,6032.5019,1155.8627
1180,750.8771,597.3912,634.2105,6037.7138,1150.1807
1181,749.1228,603.4782,638.5964,6042.9282,1154.6325
1182,746.4912,601.7391,635.9649,6048.1552,1150.5609
1183,752.6315,600.0000,635.9649,6053.3857,1153.6488
1184,752.6315,600.8695,634.2105,6058.5849,1153.1354
1185,748.2456,601.7391,635.0877,6063.8002,1151.2158
1186,748.2456,602.6087,638.5964,6069.0244,1153.6092
1187,751.7543,605.2174,635.9649,6074.2480,1155.8001
1188,750.8771,600.0000,638.5964,6079.4785,1153.9593
1189,751.7543,602.6087,638.5964,6084.6767,1155.8881
1190,750.8771,602.6087,634.2105,6089.8969,1152.8992
1191,750.8771,605.2174,636.8421,6095.1274,1155.7130
1192,750.8771,600.8695,635.9649,6100.3549,1152.9580
1193,752.6315,605.2174,635.0877,6105.5781,1155.8887
1194,751.7543,602.6087,635.0877,6110.7929,1153.9533
1195,754.3859,602.6087,639.4736,6116.0214,1158.0855
1196,750.8771,605.2174,634.2105,6121.2407,1154.2650
1197,751.7543,606.9565,638.5964,6126.4663,1158.1607
1198,750.8771,606.9565,639.4736,6131.6840,1158.0756
1199,750.8771,602.6087,634.2105,6136.9003,1152.8992
1200,750.8771,606.9565,634.2105,6142.1303,1155.1778
1201,750.8771,605.2174,637.7192,6147.3564,1156.1966
1202,750.8771,600.8695,638.5964,6152.5727,1154.4116
1203,752.6315,605.2174,638.5964,6157.7919,1157.8203
1204,752.6315,600.8695,634.2105,6163.0219,1153.1354
1205,750.8771,605.2174,634.2105,6168.2431,1154.2650
1206,750.8771,601.7391,632.4561,6173.4687,1151.4804
1207,752.6315,602.6087,635.9649,6178.6875,1155.0078
1208,750.8771,603.4782,635.9649,6183.8994,1154.3197
1209,751.7543,602.6087,635.9649,6189.1303,1154.4364
1210,749.1228,605.2174,632.4561,6194.3613,1152.1605
1211,750.8771,600.8695,635.0877,6199.5727,1152.4743
1212,750.8771,601.7391,637.7192,6204.7875,1154.3796
1213,750.8771,600.8695,635.9649,6210.0195,1152.9580
1214,750.8771,601.7391,636.8421,6215.2490,1153.8952
1215,751.7543,606.0869,635.9649,6220.4809,1156.2557
1216,748.2456,605.2174,635.9649,6225.6953,1153.5211
1217,751.7543,603.4782,636.8421,6230.9130,1155.3737
1218,750.0000,602.6087,640.3508,6236.1445,1155.7189
1219,751.7543,600.8695,636.8421,6241.3515,1154.0133
1220,751.7543,601.7391,636.8421,6246.5649,1154.4663
1221,749.1228,604.3478,632.4561,6251.7841,1151.7039
1222,750.8771,602.6087,636.8421,6256.9985,1154.3489
1223,752.6315,602.6087,635.9649,6262.2309,1155.0078
1224,749.1228,603.4782,638.5964,6267.4526,1154.6325
1225,749.1228,602.6087,638.5964,6272.6665,1154.1783
1226,752.6315,602.6087,635.9649,6277.8803,1155.0078
1227,751.7543,602.6087,634.2105,6283.1044,1153.4708
1228,749.1228,602.6087,632.4561,6288.3305,1150.7923
1229,750.8771,600.0000,636.8421,6293.5463,1152.9893
1230,749.1228,604.3478,638.5964,6298.7480,1155.0874
1231,751.7543,602.6087,636.8421,6303.9575,1154.9197
1232,751.7543,601.7391,635.0877,6309.1899,1153.4995
1233,750.8771,600.8695,634.2105,6314.4150,1151.9912
1234,750.8771,604.3478,638.5964,6319.6333,1156.2259
1235,747.3684,605.2174,635.9649,6324.8486,1152.9522
1236,750.8771,601.7391,635.0877,6330.0805,1152.9279
1237,749.1228,603.4782,637.7192,6335.3159,1154.1477
1238,752.6315,605.2174,634.2105,6340.5292,1155.4069